<application>
  <component name="FileTypeManager" version="18">
    <extensionMap>
      <mapping ext="test" type="JSP" />
      <mapping pattern=".prettierignore" type="PLAIN_TEXT" />
      <mapping ext="start" type="PLAIN_TEXT" />
      <mapping ext="end" type="PLAIN_TEXT" />
      <mapping pattern="Cards" type="TypeScript" />
      <removed_mapping ext="ignore" approved="true" type="IgnoreLang file" />
      <removed_mapping ext="sol" approved="true" type="PLAIN_TEXT" />
      <removed_mapping pattern=".gitignore" approved="true" type="GitIgnore file" />
      <mapping ext="test" type="JSP" />
    </extensionMap>
  </component>
</application>