<keymap version="1" name="macOS v4" parent="Mac OS X 10.5+">
  <action id="$Delete" />
  <action id="ActivateCommitToolWindow" />
  <action id="ActivateFavoritesToolWindow" />
  <action id="ActivateHierarchyToolWindow">
    <keyboard-shortcut first-keystroke="meta 9" />
  </action>
  <action id="ActivateProblemsViewToolWindow">
    <keyboard-shortcut first-keystroke="meta 8" />
  </action>
  <action id="ActivateServicesToolWindow" />
  <action id="ActivateTODOToolWindow">
    <keyboard-shortcut first-keystroke="meta 6" />
  </action>
  <action id="ActivateTerminalToolWindow">
    <keyboard-shortcut first-keystroke="meta 2" />
  </action>
  <action id="ActivateVersionControlToolWindow" />
  <action id="AddToFavoritesPopup" />
  <action id="ChangesView.AddUnversioned" />
  <action id="ChangesView.GroupBy.Directory" />
  <action id="ChangesView.Move" />
  <action id="ChangesView.Rename" />
  <action id="ChangesView.Revert" />
  <action id="ChangesView.SetDefault" />
  <action id="ChangesView.ShelveSilently" />
  <action id="ChangesView.UnshelveSilently" />
  <action id="CheckinProject" />
  <action id="CompareTwoFiles" />
  <action id="Diff.ApplyLeftSide" />
  <action id="Diff.ApplyRightSide" />
  <action id="Diff.FocusOppositePane" />
  <action id="Diff.FocusOppositePaneAndScroll" />
  <action id="Diff.NextChange" />
  <action id="Diff.PrevChange" />
  <action id="Diff.ShowDiff" />
  <action id="Diff.ShowSettingsPopup" />
  <action id="DirDiffMenu.SynchronizeDiff" />
  <action id="DirDiffMenu.SynchronizeDiff.All" />
  <action id="FileChooser.GotoModule" />
  <action id="GotoChangedFile" />
  <action id="NextDiff" />
  <action id="PreviousDiff" />
  <action id="ShelveChanges.UnshelveWithDialog" />
  <action id="ShelvedChanges.Rename" />
  <action id="Vcs.Log.FocusTextFilter" />
  <action id="Vcs.Log.GoToChild" />
  <action id="Vcs.Log.GoToParent" />
  <action id="Vcs.MoveChangedLinesToChangelist" />
  <action id="Vcs.Push" />
  <action id="Vcs.QuickListPopupAction" />
  <action id="Vcs.RollbackChangedLines" />
  <action id="Vcs.ShowMessageHistory" />
  <action id="Vcs.ToggleAmendCommitMode" />
  <action id="Vcs.UpdateProject" />
  <action id="VcsHistory.ShowAllAffected" />
  <action id="VcsShowNextChangeMarker" />
  <action id="VcsShowPrevChangeMarker" />
</keymap>