<keymap version="1" name="Raya - V2" parent="Mac OS X 10.5+">
  <action id="AceAction" />
  <action id="AceLineAction" />
  <action id="ActivateFavoritesToolWindow" />
  <action id="ActivateStructureToolWindow">
    <keyboard-shortcut first-keystroke="meta 3" />
  </action>
  <action id="ActivateTerminalToolWindow">
    <keyboard-shortcut first-keystroke="meta 2" />
  </action>
  <action id="ChangesView.GroupBy.Directory" />
  <action id="DuplicatesForm.SendToRight" />
  <action id="EditorCutLineEnd" />
  <action id="EditorNextWord" />
  <action id="EditorPreviousWord" />
  <action id="EmmetNextEditPoint" />
  <action id="EmmetPreviousEditPoint" />
  <action id="FileChooser.GotoProject" />
  <action id="FileChooser.TogglePathShowing" />
  <action id="GotoAction">
    <keyboard-shortcut first-keystroke="shift meta p" />
  </action>
  <action id="GotoNextElementUnderCaretUsage" />
  <action id="GotoPrevElementUnderCaretUsage" />
  <action id="MoveEditorToOppositeTabGroup">
    <keyboard-shortcut first-keystroke="ctrl alt n" />
  </action>
  <action id="NewElementSamePlace" />
  <action id="NextSplitter">
    <keyboard-shortcut first-keystroke="alt right" />
  </action>
  <action id="ParameterInfo" />
  <action id="PrettierImportCodeStyleAction">
    <keyboard-shortcut first-keystroke="shift ctrl meta alt p" />
  </action>
  <action id="PrevSplitter">
    <keyboard-shortcut first-keystroke="alt left" />
  </action>
  <action id="QuickChangeScheme" />
  <action id="QuickJavaDoc">
    <keyboard-shortcut first-keystroke="f1" />
    <mouse-shortcut keystroke="control button2" />
  </action>
  <action id="ReformatCode" />
  <action id="ReformatWithPrettierAction" />
  <action id="SearchEverywhere">
    <keyboard-shortcut first-keystroke="meta p" />
  </action>
  <action id="ShowReformatFileDialog">
    <keyboard-shortcut first-keystroke="meta alt l" />
  </action>
  <action id="SplitVertically">
    <keyboard-shortcut first-keystroke="meta back_slash" />
  </action>
  <action id="SurroundWithLiveTemplate" />
  <action id="TabShiftActions.MoveFocusDown">
    <keyboard-shortcut first-keystroke="ctrl alt down" />
  </action>
  <action id="TabShiftActions.MoveFocusLeft">
    <keyboard-shortcut first-keystroke="ctrl alt left" />
  </action>
  <action id="TabShiftActions.MoveFocusRight">
    <keyboard-shortcut first-keystroke="ctrl alt right" />
  </action>
  <action id="TabShiftActions.MoveFocusUp">
    <keyboard-shortcut first-keystroke="ctrl alt up" />
  </action>
  <action id="TabShiftActions.ToggleMaximizeRestore">
    <keyboard-shortcut first-keystroke="shift ctrl meta alt f" />
  </action>
  <action id="TodoViewGroupByShowPackages" />
  <action id="TypeHierarchy" />
  <action id="TypeHierarchyBase.BaseOnThisType" />
  <action id="VimWindowDown">
    <keyboard-shortcut first-keystroke="ctrl j" />
    <keyboard-shortcut first-keystroke="shift ctrl meta alt j" />
  </action>
  <action id="VimWindowLeft">
    <keyboard-shortcut first-keystroke="shift ctrl meta alt h" />
  </action>
  <action id="VimWindowRight">
    <keyboard-shortcut first-keystroke="ctrl l" />
    <keyboard-shortcut first-keystroke="shift ctrl meta alt l" />
  </action>
  <action id="VimWindowSplitVertical">
    <keyboard-shortcut first-keystroke="ctrl alt v" />
  </action>
  <action id="VimWindowUp">
    <keyboard-shortcut first-keystroke="ctrl k" />
    <keyboard-shortcut first-keystroke="shift ctrl meta alt k" />
  </action>
</keymap>