<keymap version="1" name="VSCode - Raya V2" parent="VSCode">
  <action id="ActivateFavoritesToolWindow" />
  <action id="ActivateProjectToolWindow">
    <keyboard-shortcut first-keystroke="meta 1" />
  </action>
  <action id="ActivateStructureToolWindow">
    <keyboard-shortcut first-keystroke="meta 3" />
  </action>
  <action id="ActivateTerminalToolWindow">
    <keyboard-shortcut first-keystroke="meta 2" />
  </action>
  <action id="CollapseRegion">
    <keyboard-shortcut first-keystroke="meta alt open_bracket" />
  </action>
  <action id="DuplicatesForm.SendToLeft" />
  <action id="DuplicatesForm.SendToRight" />
  <action id="EditorDecreaseFontSize">
    <keyboard-shortcut first-keystroke="meta minus" />
  </action>
  <action id="EditorIncreaseFontSize">
    <keyboard-shortcut first-keystroke="meta equals" />
  </action>
  <action id="EditorNextWord" />
  <action id="EditorPreviousWord" />
  <action id="ExpandRegion">
    <keyboard-shortcut first-keystroke="meta alt close_bracket" />
  </action>
  <action id="FileChooser.GotoHome" />
  <action id="FileChooser.GotoProject" />
  <action id="FileChooser.NewFile" />
  <action id="FileChooser.NewFolder">
    <keyboard-shortcut first-keystroke="meta n" />
  </action>
  <action id="HideSideWindows" />
  <action id="NewFile" />
  <action id="TabShiftActions.MoveFocusLeft">
    <keyboard-shortcut first-keystroke="shift ctrl meta alt h" />
  </action>
  <action id="TabShiftActions.MoveFocusRight">
    <keyboard-shortcut first-keystroke="shift ctrl meta alt l" />
  </action>
  <action id="TabShiftActions.ToggleMaximizeRestore">
    <keyboard-shortcut first-keystroke="shift ctrl meta alt f" />
  </action>
</keymap>